{"train": {"rmse": 17894.60077953792}, "_timestamp": 1676630908.1440563, "_runtime": 2.962263345718384, "_step": 1, "validation": {"rmse": 20328.75652650457}, "_wandb": {"runtime": 1}}