{"train": {"rmse": 5416.470861956873}, "_timestamp": 1676628849.4782495, "_runtime": 3.7823805809020996, "_step": 1, "validation": {"rmse": 14447.475462604461}, "_wandb": {"runtime": 2}}