{"train": {"rmse": 6245.025657538866}, "_timestamp": 1676625258.1891866, "_runtime": 4.810725688934326, "_step": 2, "validation": {"rmse": 6245.025657538866}, "test": {"rmse": 16166.872839125188}, "_wandb": {"runtime": 3}}