{"train": {"rmse": 7231.622343224694}, "_timestamp": 1676628215.5833566, "_runtime": 4.058306694030762, "_step": 1, "validation": {"rmse": 15480.739181058105}, "_wandb": {"runtime": 2}}