{"train": {"rmse": 3027.7758702767705}, "_timestamp": 1676630135.7467666, "_runtime": 4.183555603027344, "_step": 1, "validation": {"rmse": 13471.119488062637}, "_wandb": {"runtime": 2}}