{"train": {"rmse": 11996.697751799278}, "_timestamp": 1676630600.055055, "_runtime": 4.150429010391235, "_step": 1, "validation": {"rmse": 17428.71356405855}, "_wandb": {"runtime": 2}}