{"train": {"rmse": 3147.09703916456}, "_timestamp": 1676628787.4921536, "_runtime": 5.476691722869873, "_step": 1, "validation": {"rmse": 15090.557978936811}, "_wandb": {"runtime": 3}}