{"train": {"rmse": 5943.784654824171}, "_timestamp": 1676623009.2759147, "_runtime": 2.931854724884033, "_step": 1, "test": {"rmse": 15076.641738952021}, "_wandb": {"runtime": 1}}