{"train": {"rmse": 5833.442444018382}, "_timestamp": 1676629250.9549592, "_runtime": 3.927600145339966, "_step": 1, "validation": {"rmse": 15877.718325602384}, "_wandb": {"runtime": 2}}