{"train": {"rmse": 2276.0764113097935}, "_timestamp": 1676629658.417511, "_runtime": 4.244760036468506, "_step": 1, "validation": {"rmse": 15478.867105129002}, "_wandb": {"runtime": 2}}