{"train": {"rmse": 8582.86090775989}, "_timestamp": 1676629741.6026883, "_runtime": 3.8909013271331787, "_step": 1, "validation": {"rmse": 16072.400216366654}, "_wandb": {"runtime": 2}}