{"train": {"rmse": 4407.000999454616}, "_timestamp": 1676629074.995398, "_runtime": 4.245146036148071, "_step": 1, "validation": {"rmse": 14681.252125133775}, "_wandb": {"runtime": 2}}