{"train": {"rmse": 2323.0250796798496}, "_timestamp": 1676628876.057927, "_runtime": 3.978256940841675, "_step": 1, "validation": {"rmse": 13754.493989462038}, "_wandb": {"runtime": 2}}