{"train": {"rmse": 2268.039761508643}, "_timestamp": 1676629430.0831153, "_runtime": 4.631861448287964, "_step": 1, "validation": {"rmse": 14735.33620486128}, "_wandb": {"runtime": 3}}