{"train": {"rmse": 7665.394446048421}, "_timestamp": 1676629276.016557, "_runtime": 3.2673189640045166, "_step": 1, "validation": {"rmse": 15375.747571446684}, "_wandb": {"runtime": 1}}