{"train": {"rmse": 5329.397937978573}, "_timestamp": 1676629628.9871705, "_runtime": 4.183343410491943, "_step": 1, "validation": {"rmse": 15732.848096020978}, "_wandb": {"runtime": 2}}