{"train": {"rmse": 2779.2319249111692}, "_timestamp": 1676529539.2871888, "_runtime": 0.7860958576202393, "_step": 1, "test": {"rmse": 16238.193980346758}, "_wandb": {"runtime": 0}}