{"train": {"rmse": 5672.085176119458}, "_timestamp": 1676629846.7548733, "_runtime": 4.170632362365723, "_step": 1, "validation": {"rmse": 15099.130317484241}, "_wandb": {"runtime": 2}}