{"train": {"rmse": 11890.230606729725}, "_timestamp": 1676628157.1876671, "_runtime": 3.0292680263519287, "_step": 1, "validation": {"rmse": 17272.361007265263}, "_wandb": {"runtime": 1}}