{"train": {"rmse": 9579.525417549914}, "_timestamp": 1676628239.0404112, "_runtime": 3.1141321659088135, "_step": 1, "validation": {"rmse": 15407.414568895898}, "_wandb": {"runtime": 1}}