{"train": {"rmse": 1739.4134069538652}, "_timestamp": 1676534041.346571, "_runtime": 3.0742709636688232, "_step": 1, "test": {"rmse": 16459.22077640195}, "_wandb": {"runtime": 2}}