{"train": {"rmse": 3484.1856314560896}, "_timestamp": 1676628387.858034, "_runtime": 4.747556924819946, "_step": 1, "validation": {"rmse": 14460.57045255904}, "_wandb": {"runtime": 3}}