{"train": {"rmse": 11946.971387842803}, "_timestamp": 1676630961.6704834, "_runtime": 3.084439277648926, "_step": 1, "validation": {"rmse": 17450.55148934047}, "_wandb": {"runtime": 1}}