{"train": {"rmse": 11880.424491498918}, "_timestamp": 1676628929.7555053, "_runtime": 3.1524622440338135, "_step": 1, "validation": {"rmse": 17253.63194962575}, "_wandb": {"runtime": 1}}