{"train": {"rmse": 2266.2646716954077}, "_timestamp": 1676628650.901172, "_runtime": 4.934484004974365, "_step": 1, "validation": {"rmse": 14915.248102160816}, "_wandb": {"runtime": 3}}