{"train": {"rmse": 7294.914129620662}, "_timestamp": 1676629224.4032452, "_runtime": 3.2789041996002197, "_step": 1, "validation": {"rmse": 15500.596055406775}, "_wandb": {"runtime": 1}}