{"train": {"rmse": 5893.079908293359}, "_timestamp": 1676629487.275005, "_runtime": 3.2366042137145996, "_step": 1, "validation": {"rmse": 16081.613403547868}, "_wandb": {"runtime": 1}}