{"train": {"rmse": 7280.805255157043}, "_timestamp": 1676628440.0123158, "_runtime": 3.3326356410980225, "_step": 1, "validation": {"rmse": 15827.630446357363}, "_wandb": {"runtime": 1}}