{"train": {"rmse": 3153.6499744909547}, "_timestamp": 1676629569.525832, "_runtime": 4.229745864868164, "_step": 1, "validation": {"rmse": 15034.501142771454}, "_wandb": {"runtime": 2}}