{"train": {"rmse": 3486.9827530663056}, "_timestamp": 1676629163.619107, "_runtime": 5.5150840282440186, "_step": 1, "validation": {"rmse": 15102.337883931601}, "_wandb": {"runtime": 3}}