{"train": {"rmse": 7198.999263643018}, "_timestamp": 1676629774.6427495, "_runtime": 5.786964654922485, "_step": 1, "validation": {"rmse": 15860.172347105816}, "_wandb": {"runtime": 3}}