{"train": {"rmse": 5943.784654824171}, "_timestamp": 1676623287.9854424, "_runtime": 3.0165233612060547, "_step": 1, "test": {"rmse": 15076.608528502948}, "_wandb": {"runtime": 1}}