{"train": {"rmse": 6197.930284679902}, "_timestamp": 1676628759.238255, "_runtime": 2.847019910812378, "_step": 1, "validation": {"rmse": 15161.620521559911}, "_wandb": {"runtime": 1}}