{"train": {"rmse": 7195.846499841659}, "_timestamp": 1676630028.4433594, "_runtime": 3.3558013439178467, "_step": 1, "validation": {"rmse": 16097.243700741534}, "_wandb": {"runtime": 1}}