{"train": {"rmse": 2779.2319249111692}, "_timestamp": 1676530096.8885703, "_runtime": 1.015627384185791, "_step": 1, "test": {"rmse": 16231.33271905254}, "_wandb": {"runtime": 0}}