{"train": {"rmse": 2779.2319249111692}, "_timestamp": 1676529464.623587, "_runtime": 0.7747647762298584, "_step": 1, "test": {"rmse": 16261.287410810472}, "_wandb": {"runtime": 0}}