{"train": {"rmse": 5943.784654824171}, "_timestamp": 1676623146.6497433, "_runtime": 2.937626361846924, "_step": 1, "test": {"rmse": 15071.927742459524}, "_wandb": {"runtime": 19}}