{"train": {"rmse": 11562.989283180397}, "_timestamp": 1676625202.8625143, "_runtime": 2.816760301589966, "_step": 2, "validation": {"rmse": 11562.989283180397}, "test": {"rmse": 15044.008390512818}, "_wandb": {"runtime": 1}}