{"train": {"rmse": 4360.9689333570905}, "_timestamp": 1676629873.7413824, "_runtime": 4.42482328414917, "_step": 1, "validation": {"rmse": 14892.751913203794}, "_wandb": {"runtime": 2}}