{"train": {"rmse": 2170.414037960568}, "_timestamp": 1676630217.721874, "_runtime": 5.279869079589844, "_step": 1, "validation": {"rmse": 14664.820078894056}, "_wandb": {"runtime": 3}}