{"train": {"rmse": 5838.642844051569}, "_timestamp": 1676630281.737057, "_runtime": 3.3630850315093994, "_step": 1, "validation": {"rmse": 16132.747296069436}, "_wandb": {"runtime": 1}}