{"train": {"rmse": 8729.918338713564}, "_timestamp": 1676625283.4488208, "_runtime": 2.9953408241271973, "_step": 2, "validation": {"rmse": 8729.918338713564}, "test": {"rmse": 14772.819326513394}, "_wandb": {"runtime": 1}}