{"train": {"rmse": 3444.1966964088388}, "_timestamp": 1676629972.8549423, "_runtime": 5.528231382369995, "_step": 1, "validation": {"rmse": 13982.109686588872}, "_wandb": {"runtime": 4}}