{"train": {"rmse": 5108.755197513728}, "_timestamp": 1676625309.400345, "_runtime": 3.5402181148529053, "_step": 2, "validation": {"rmse": 5108.755197513728}, "test": {"rmse": 15805.602298264388}, "_wandb": {"runtime": 2}}