{"train": {"rmse": 10622.694812114123}, "_timestamp": 1676629197.7687628, "_runtime": 2.930830717086792, "_step": 1, "validation": {"rmse": 16702.25306617655}, "_wandb": {"runtime": 1}}