{"train": {"rmse": 5825.746710165088}, "_timestamp": 1676628466.088538, "_runtime": 3.665036916732788, "_step": 1, "validation": {"rmse": 16165.081654385926}, "_wandb": {"runtime": 2}}