{"train": {"rmse": 3841.882498669406}, "_timestamp": 1676625334.962987, "_runtime": 4.067612886428833, "_step": 2, "validation": {"rmse": 3841.882498669406}, "test": {"rmse": 16325.242524431551}, "_wandb": {"runtime": 2}}