{"train": {"rmse": 2779.2319249111692}, "_timestamp": 1676623036.103102, "_runtime": 3.370887041091919, "_step": 1, "test": {"rmse": 16261.989267369041}, "_wandb": {"runtime": 1}}