{"train": {"rmse": 2779.2319249111692}, "_timestamp": 1676534030.3150697, "_runtime": 2.6136157512664795, "_step": 1, "test": {"rmse": 16261.029699553712}, "_wandb": {"runtime": 2}}