{"train": {"rmse": 4790.417049285276}, "_timestamp": 1676629944.3055468, "_runtime": 7.244510650634766, "_step": 1, "validation": {"rmse": 14338.816990384155}, "_wandb": {"runtime": 5}}