{"train": {"rmse": 7645.781804198789}, "_timestamp": 1676628508.0636697, "_runtime": 3.3369526863098145, "_step": 1, "validation": {"rmse": 15767.30655893192}, "_wandb": {"runtime": 1}}