{"train": {"rmse": 8469.950401646558}, "_timestamp": 1676629109.1755424, "_runtime": 2.9358153343200684, "_step": 1, "validation": {"rmse": 15543.120961605588}, "_wandb": {"runtime": 1}}