{"train": {"rmse": 7676.080392941417}, "_timestamp": 1676625230.817884, "_runtime": 3.4325039386749268, "_step": 2, "validation": {"rmse": 7676.080392941417}, "test": {"rmse": 15442.22057270395}, "_wandb": {"runtime": 1}}