{"train": {"rmse": 7272.927467577548}, "_timestamp": 1676628985.8639183, "_runtime": 4.123224258422852, "_step": 1, "validation": {"rmse": 15206.918020065441}, "_wandb": {"runtime": 2}}