{"train": {"rmse": 11987.626437011797}, "_timestamp": 1676626257.10656, "_runtime": 3.388861894607544, "_step": 1, "validation": {"rmse": 17335.887030182672}, "_wandb": {"runtime": 1}}