{"train": {"rmse": 5943.784654824171}, "_timestamp": 1676623200.543686, "_runtime": 3.249041795730591, "_step": 1, "test": {"rmse": 15071.99750722978}, "_wandb": {"runtime": 1}}