{"train": {"rmse": 5799.876279120657}, "_timestamp": 1676630054.343255, "_runtime": 4.291399002075195, "_step": 1, "validation": {"rmse": 16466.486838477853}, "_wandb": {"runtime": 2}}