{"train": {"rmse": 4434.085139452342}, "_timestamp": 1676629301.9670687, "_runtime": 3.372246742248535, "_step": 1, "validation": {"rmse": 14789.765309786331}, "_wandb": {"runtime": 1}}