{"train": {"rmse": 4455.658017193521}, "_timestamp": 1676629513.7360396, "_runtime": 3.9852185249328613, "_step": 1, "validation": {"rmse": 16203.66550113949}, "_wandb": {"runtime": 2}}