{"train": {"rmse": 8816.113350510062}, "_timestamp": 1676628959.341553, "_runtime": 3.3175370693206787, "_step": 1, "validation": {"rmse": 15583.21139861467}, "_wandb": {"runtime": 1}}