{"train": {"rmse": 4401.894619224595}, "_timestamp": 1676628539.9373624, "_runtime": 3.953747510910034, "_step": 1, "validation": {"rmse": 15051.264675219401}, "_wandb": {"runtime": 2}}