{"train": {"rmse": 6742.015767737848}, "_timestamp": 1676629365.6288211, "_runtime": 3.0237982273101807, "_step": 1, "validation": {"rmse": 15465.123018386706}, "_wandb": {"runtime": 1}}