{"train": {"rmse": 1739.4134069538652}, "_timestamp": 1676623064.8434129, "_runtime": 3.836725950241089, "_step": 1, "test": {"rmse": 16460.583432360665}, "_wandb": {"runtime": 2}}