{"train": {"rmse": 12931.95588542648}, "_timestamp": 1676630934.2244954, "_runtime": 3.1555984020233154, "_step": 1, "validation": {"rmse": 17958.057051074058}, "_wandb": {"runtime": 1}}