{"train": {"rmse": 1739.4134069538652}, "_timestamp": 1676623363.635101, "_runtime": 4.10414719581604, "_step": 1, "test": {"rmse": 16434.669032277136}, "_wandb": {"runtime": 2}}