{"train": {"rmse": 11908.584931137308}, "_timestamp": 1676629715.2926471, "_runtime": 3.7918331623077393, "_step": 1, "validation": {"rmse": 17282.703432393162}, "_wandb": {"runtime": 2}}