{"train": {"rmse": 1344.86634665429}, "_timestamp": 1676629688.6829448, "_runtime": 4.655324697494507, "_step": 1, "validation": {"rmse": 15500.417065934613}, "_wandb": {"runtime": 3}}