{"train": {"rmse": 10622.483427363446}, "_timestamp": 1676628412.958698, "_runtime": 3.0459790229797363, "_step": 1, "validation": {"rmse": 16702.194091282447}, "_wandb": {"runtime": 1}}