{"train": {"rmse": 1339.643462076935}, "_timestamp": 1676628901.583074, "_runtime": 4.503948211669922, "_step": 1, "validation": {"rmse": 13803.546916074709}, "_wandb": {"runtime": 2}}