{"train": {"rmse": 8498.657142899649}, "_timestamp": 1676629904.322893, "_runtime": 3.5192649364471436, "_step": 1, "validation": {"rmse": 15202.807037102002}, "_wandb": {"runtime": 2}}