{"train": {"rmse": 3393.458842876698}, "_timestamp": 1676630190.1927686, "_runtime": 4.179277658462524, "_step": 1, "validation": {"rmse": 14650.495838405417}, "_wandb": {"runtime": 2}}