{"train": {"rmse": 9078.146627956909}, "_timestamp": 1676630252.5572956, "_runtime": 3.289125442504883, "_step": 1, "validation": {"rmse": 16079.02735105115}, "_wandb": {"runtime": 1}}