{"train": {"rmse": 8478.619399881663}, "_timestamp": 1676628323.6570616, "_runtime": 3.0388786792755127, "_step": 1, "validation": {"rmse": 15345.51047354101}, "_wandb": {"runtime": 1}}