{"train": {"rmse": 9385.12563334967}, "_timestamp": 1676628676.4827812, "_runtime": 3.195718288421631, "_step": 1, "validation": {"rmse": 16920.430658555673}, "_wandb": {"runtime": 1}}