{"train": {"rmse": 6708.449018795147}, "_timestamp": 1676630164.1872766, "_runtime": 2.977510690689087, "_step": 1, "validation": {"rmse": 14940.212104349028}, "_wandb": {"runtime": 1}}