{"train": {"rmse": 3506.497703812584}, "_timestamp": 1676629392.404889, "_runtime": 3.383681058883667, "_step": 1, "validation": {"rmse": 14785.999112046982}, "_wandb": {"runtime": 1}}