{"train": {"rmse": 4845.849429455333}, "_timestamp": 1676629135.9575636, "_runtime": 3.6040515899658203, "_step": 1, "validation": {"rmse": 15283.375281600096}, "_wandb": {"runtime": 2}}