{"train": {"rmse": 4382.958564684674}, "_timestamp": 1676628294.6795003, "_runtime": 4.502958297729492, "_step": 1, "validation": {"rmse": 14850.633160936157}, "_wandb": {"runtime": 2}}