{"train": {"rmse": 11936.431072060275}, "_timestamp": 1676626779.0311573, "_runtime": 3.073275327682495, "_step": 1, "validation": {"rmse": 17304.78423663623}, "_wandb": {"runtime": 1}}