{"train": {"rmse": 11950.96788691876}, "_timestamp": 1676627880.7592404, "_runtime": 2.8768863677978516, "_step": 1, "validation": {"rmse": 17313.096058919837}, "_wandb": {"runtime": 1}}