{"train": {"rmse": 5943.784654824171}, "_timestamp": 1676534020.155604, "_runtime": 2.2468059062957764, "_step": 1, "test": {"rmse": 15076.735774682425}, "_wandb": {"runtime": 1}}