{"train": {"rmse": 8732.302236909525}, "_timestamp": 1676628185.7848368, "_runtime": 3.4798038005828857, "_step": 1, "validation": {"rmse": 15479.435398189611}, "_wandb": {"runtime": 1}}