{"train": {"rmse": 5924.790992036831}, "_timestamp": 1676628702.2585652, "_runtime": 3.70159912109375, "_step": 1, "validation": {"rmse": 16168.694282346636}, "_wandb": {"runtime": 2}}