{"train": {"rmse": 10553.279606965865}, "_timestamp": 1676630002.1031618, "_runtime": 2.8527889251708984, "_step": 1, "validation": {"rmse": 16873.4918323269}, "_wandb": {"runtime": 1}}