{"train": {"rmse": 9505.581473291439}, "_timestamp": 1676629820.2314186, "_runtime": 3.1067047119140625, "_step": 1, "validation": {"rmse": 15240.33911529849}, "_wandb": {"runtime": 1}}