{"train": {"rmse": 3147.008291971788}, "_timestamp": 1676629330.8445914, "_runtime": 4.107653379440308, "_step": 1, "validation": {"rmse": 14704.160835629023}, "_wandb": {"runtime": 2}}