{"train": {"rmse": 2002.4146201963185}, "_timestamp": 1676628823.5794678, "_runtime": 4.27644681930542, "_step": 1, "validation": {"rmse": 15094.531003028957}, "_wandb": {"runtime": 2}}