{"train": {"rmse": 12023.465435331624}, "_timestamp": 1676626667.5839295, "_runtime": 3.07608962059021, "_step": 1, "validation": {"rmse": 17556.903995885907}, "_wandb": {"runtime": 1}}