{"train": {"rmse": 6618.272118640505}, "_timestamp": 1676533868.5847704, "_runtime": 2.6328413486480713, "_step": 1, "test": {"rmse": 14750.93728949998}, "_wandb": {"runtime": 2}}