{"train": {"rmse": 5668.217542263423}, "_timestamp": 1676628267.2913704, "_runtime": 3.5509543418884277, "_step": 1, "validation": {"rmse": 15192.92880228931}, "_wandb": {"runtime": 1}}