{"train": {"rmse": 3150.962332327684}, "_timestamp": 1676628567.4327776, "_runtime": 4.313180685043335, "_step": 1, "validation": {"rmse": 14925.044547584665}, "_wandb": {"runtime": 2}}