{"train": {"rmse": 2779.2319249111692}, "_timestamp": 1676623325.0720596, "_runtime": 3.746541738510132, "_step": 1, "test": {"rmse": 16237.299160699684}, "_wandb": {"runtime": 2}}