{"train": {"rmse": 4858.633660005884}, "_timestamp": 1676628351.7959237, "_runtime": 3.674412727355957, "_step": 1, "validation": {"rmse": 14669.266428814846}, "_wandb": {"runtime": 2}}