{"train": {"rmse": 3487.5519759264525}, "_timestamp": 1676628619.576504, "_runtime": 3.732103109359741, "_step": 1, "validation": {"rmse": 14974.19308924229}, "_wandb": {"runtime": 2}}