{"train": {"rmse": 4268.019514574519}, "_timestamp": 1676630107.8951528, "_runtime": 4.104102849960327, "_step": 1, "validation": {"rmse": 13896.239240276505}, "_wandb": {"runtime": 2}}