{"train": {"rmse": 4523.1615189052445}, "_timestamp": 1676628733.9155362, "_runtime": 3.8002212047576904, "_step": 1, "validation": {"rmse": 16071.098414079173}, "_wandb": {"runtime": 2}}