{"train": {"rmse": 6748.897609668669}, "_timestamp": 1676628592.22609, "_runtime": 3.5153369903564453, "_step": 1, "validation": {"rmse": 15432.904581770086}, "_wandb": {"runtime": 1}}