{"train": {"rmse": 6180.396778162363}, "_timestamp": 1676629543.3413706, "_runtime": 3.042630672454834, "_step": 1, "validation": {"rmse": 15172.898694701309}, "_wandb": {"runtime": 1}}