{"train": {"rmse": 5717.292171857079}, "_timestamp": 1676629037.6999414, "_runtime": 4.049659490585327, "_step": 1, "validation": {"rmse": 14986.200449795399}, "_wandb": {"runtime": 2}}